Country,Country by math,Country by Science,Country by Reading,Continent,Color,Overall Rank,Math Rank,Sciecne Rank,Reading Rank,Overall Score,Math Score,Science Score,Reading Score,Sets Clear Goals,Encourages Thinking,Summarizes Lessons,Reflect Problems,Wait Until its Quiet,Homework Not Back in Time,Opportunity to Express Opinions,Teachers Are Interested,Latitude,Longitude,GDP per capita
China-Shanghai,China-Shanghai,China-Shanghai,China-Shanghai,Asia,2,1,1,1,1,586,611,579,568,79.3,75.32,76.37,72.21,37.82,38.74,81.21,81.17,31.228611,121.474722,23804
Hong Kong,Singapore,Hong Kong,Hong Kong,Asia,2,3,2,2,2,554,562,556,545,62.13,60.07,59.93,62.23,43.13,40.14,76.47,72.86,22.396428,114.109497,36708
Singapore,Hong Kong,Japan,Japan,Asia,2,2,3,3,3,551,569,547,538,73.55,67.58,63.44,67.65,48.59,37.72,78.26,79.47,1.352083,103.819836,54577
South Korea,Taiwan,Singapore,Singapore,Asia,2,5,4,4,4,543,555,538,537,67.17,51.96,62.51,54.48,45.32,55.62,68.97,70.18,35.907757,127.766922,24454
Japan,South Korea,Estonia,South Korea,Asia,2,8,5,5,5,541,537,548,538,65.24,60.96,59.01,58.94,35.42,40.41,69.61,65.22,36.204824,138.252924,46680
Taiwan,Macao,South Korea,Ireland,Asia,2,4,6,6,6,534,558,523,522,69.72,63.73,62.48,63.6,50.44,46.81,80.37,76.53,23.69781,120.960515,39400
Liechtenstein,Liechtenstein,Poland,Poland,Europe,3,7,7,7,7,528,538,526,519,76.99,78.18,58.07,68.39,47.46,47.99,71.17,74.47,47.166,9.555373,149161
Estonia,Japan,Vietnam,Taiwan,Europe,3,9,8,8,8,528,522,544,518,74.44,55.22,51.44,67.21,46.47,39.74,73.59,73.04,58.595272,25.013607,17491
Poland,Estonia,Czech Republic,Liechtenstein,Europe,3,10,9,9,9,524,521,529,522,72.59,59.17,49.71,73.59,49.04,51.2,69.88,63.82,51.919438,19.145136,13143
Macao,Poland,Finland,Estonia,Asia,2,6,10,10,10,523,539,521,510,70.73,61.61,67.75,60.55,45.13,38.48,76.26,74.44,22.198745,113.543873,77079
Czech Republic,Switzerland,Liechtenstein,New Zealand,Europe,3,12,11,11,11,521,520,528,514,73.79,68.08,65.62,73.56,50.05,49.02,72.89,69.07,49.817492,15.472962,19641
Vietnam,Czech Republic,Germany,Czech Republic,Asia,2,16,12,12,12,516,511,529,509,86,61.18,72.49,70.17,42.67,40.78,87.27,73.1,14.058324,108.277199,1755
Finland,Belgium,Taiwan,Belgium,Europe,3,18,13,13,13,516,508,528,511,70.29,69.38,60.96,67.01,56.94,45.85,73.4,71.16,61.92411,25.748151,47416
Ireland,Netherlands,Ireland,Canada,Europe,3,21,14,14,14,516,501,522,524,66.86,66.1,50.99,74,47.89,45.52,71.66,75.81,53.41291,-8.24389,48977
Belgium,Germany,Macao,Finland,Europe,3,13,15,15,15,515,520,511,513,68.67,60.9,58.38,66.23,51.21,42.99,70.88,71.58,50.503887,4.469936,44732
Netherlands,Vietnam,Netherlands,Macao,Europe,3,14,16,16,16,515,519,518,507,71.52,74.87,51.59,70.01,55.01,43.52,68.83,71.48,52.132633,5.291266,49475
Germany,Canada,New Zealand,France,Europe,3,15,17,17,17,515,514,524,508,71.33,71.47,54.06,62.24,53.15,40.89,68.54,69.57,51.165691,10.451526,44011
Canada,Finland,Canada,Vietnam,America,1,17,18,18,18,512,510,515,512,75.03,67.73,67.25,72.05,50.35,45.25,75.47,77.36,56.130366,-106.346771,52738
New Zealand,Austria,Australia,Germany,Oceania,5,20,19,19,19,512,502,518,515,66.52,65.13,57.3,67.93,55.5,50.94,73.15,75.47,-40.900557,174.885971,39505
Switzerland,New Zealand,Belgium,Netherlands,Europe,3,11,20,20,20,508,521,504,498,73.58,70.92,56.16,68.12,49.54,45.85,74.66,73.66,46.818188,8.227512,83209
France,Ireland,United Kingdom,Norway,Europe,3,22,21,21,21,504,500,503,510,68.82,64.07,62.56,68.98,57.04,52.31,69.83,70.42,46.227638,2.213749,40851
Austria,France,Austria,United States,Europe,3,19,22,22,22,502,508,508,491,69.43,67.74,56.79,62.92,49.08,44.17,67.38,71.66,47.516231,14.550072,48325
Australia,Latvia,Latvia,Australia,Oceania,5,26,23,23,23,502,493,512,501,71.73,65.3,58.47,68.81,54.53,48.56,73.92,76.46,-25.274398,133.775136,67647
Latvia,Spain,Spain,United Kingdom,Europe,3,23,24,24,24,500,496,507,496,76.15,73.29,59.63,74.73,49.55,48.64,78.04,80.11,56.879635,24.603189,13776
United Kingdom,Iceland,Switzerland,Switzerland,Europe,3,29,25,25,25,500,490,511,499,73.74,64.6,57.99,71.15,49.84,48.75,73.12,76.49,55.378051,-3.435973,41295
Spain,Australia,France,Hungary,Europe,3,24,26,26,26,498,496,505,494,74.67,59.56,54.72,67.21,53.46,41.1,73.06,73.29,40.463667,-3.74922,28648
United States,Italy,Hungary,Latvia,America,1,33,27,27,27,497,486,502,503,76.93,71.95,64.12,73.72,48.79,45.98,75.32,76.55,37.09024,-95.712891,51457
Italy,Luxembourg,United States,Italy,Europe,3,27,28,28,28,496,492,501,496,71.31,60.92,54.18,66.82,51.69,43.13,75.94,70.69,41.87194,12.56738,34845
Norway,United Kingdom,Italy,Spain,Europe,3,30,29,29,29,496,490,495,504,69.61,68.43,49.96,59.75,50.52,48.77,72.91,71.51,60.472024,8.468946,101564
Hungary,Norway,Lithuania,Israel,Europe,3,32,30,30,30,495,486,503,497,68.21,65.39,60.17,70.89,50.19,44.35,73.99,71.8,47.162494,19.503304,12820
Luxembourg,Denmark,Slovenia,Austria,Europe,3,28,31,31,31,490,491,492,488,66.26,67.17,53.73,63.71,51.52,45.4,68.64,69.03,49.815273,6.129583,105448
Portugal,Hungary,Norway,Luxembourg,Europe,3,36,32,32,32,486,485,487,485,77.39,75.85,61.59,71.9,50.45,46.45,78.72,80.37,39.399872,-8.224454,20578
Iceland,United States,Luxembourg,Sweden,Europe,3,25,33,33,33,485,494,479,483,78.35,57.35,50.7,64.1,50.39,48.1,77.91,76.55,64.963051,-19.020835,44259
Denmark,Slovak Republic,Croatia,Croatia,Europe,3,31,34,34,34,485,487,483,484,71.31,53.8,53.68,67.4,49.28,45.81,73.86,75.63,56.26392,9.501785,57637
Lithuania,Slovenia,Portugal,Portugal,Europe,3,39,35,35,35,485,479,497,478,78.08,58.18,68.32,71.42,45.48,49.48,78.02,77.95,55.169438,23.881275,14343
Sweden,Portugal,Russian Federation,Denmark,Europe,3,38,36,36,36,484,480,486,486,71.02,73.55,53.44,62.26,55.1,49.01,74.9,75.35,60.128161,18.643501,57135
Russian Federation,Russian Federation,Sweden,Iceland,Europe,3,37,37,37,37,483,484,486,479,85.95,71.57,76.89,69.31,45.75,41.09,78.04,68.8,61.52401,105.318756,14079
Croatia,Sweden,Denmark,Russian Federation,Europe,3,40,38,38,38,482,470,491,485,79.99,57.73,65.96,66.3,52.67,41.71,76.17,72.93,45.1,15.2,13236
Slovenia,Lithuania,Iceland,Lithuania,Europe,3,35,39,39,39,481,485,496,462,73.42,70.52,63.38,67.29,52.21,44.11,75.12,66.75,46.151241,14.995463,22478
Israel,Croatia,Slovak Republic,Greece,Middle East & Africa,4,41,40,40,40,478,469,474,492,76.23,74.07,58.61,74.47,47.24,44.19,76.69,75.57,31.046051,34.851612,32819
Slovak Republic,Israel,Israel,Turkey,Europe,3,34,41,41,41,477,486,477,469,74.56,58.85,60.78,68.52,52.93,49.61,73.49,72.03,48.669026,19.699024,17208
Greece,Greece,Greece,Slovak Republic,Europe,3,42,42,42,42,467,454,468,478,77.83,68.54,61.5,74.33,53.96,57.18,78.7,73.28,39.074208,21.824312,22243
Turkey,Turkey,Chile,Slovenia,Europe,3,43,43,43,43,463,449,464,476,73.95,79,68.22,65.62,51.51,60.38,80.48,74.84,38.963745,35.243322,10647
Chile,Serbia,Turkey,Chile,America,1,46,44,44,44,457,445,465,460,81.67,63.92,64.73,71.82,57.93,50.81,77.74,79.12,-35.675147,-71.542969,15254
Thailand,Romania,Thailand,Thailand,Asia,2,48,45,45,45,451,442,457,453,82.32,72.85,76.53,63.64,51.02,44.67,84.3,78.78,15.870032,100.992541,5918
Serbia,Chile,Bulgaria,Serbia,Europe,3,44,46,46,46,446,448,444,446,78.95,63.53,70.3,66.61,52.5,64.9,77.27,74.53,44.016521,21.005859,5660
Bulgaria,Bulgaria,United Arab Emirates,Bulgaria,Europe,3,47,47,47,47,446,443,451,443,81.06,69.56,75.58,81.31,52.01,57.52,81.1,76.01,42.733883,25.48583,7334
Romania,Thailand,Serbia,Costa Rica,Europe,3,45,48,48,48,442,446,440,440,79.39,65.53,68.15,73.27,49.08,69.55,79.52,81.02,45.943161,24.96676,8578
United Arab Emirates,United Arab Emirates,Romania,Romania,Middle East & Africa,4,49,49,49,49,439,432,446,438,80.7,69.89,73.28,74.94,53.15,47.99,78.12,79.35,23.424076,53.847818,41713
Costa Rica,Kazakhstan,Costa Rica,United Arab Emirates,America,1,54,50,50,50,426,407,430,441,80.05,60.83,61.88,63.62,48.06,42.75,80.23,82.24,9.748917,-83.753428,9734
Mexico,Malaysia,Kazakhstan,Mexico,America,1,52,51,51,51,423,419,420,430,81.57,69.05,66.1,72.22,46.25,46.39,83.38,81.6,23.634501,-102.552784,9704
Kazakhstan,Mexico,Malaysia,Montenegro,Asia,2,50,52,52,52,418,432,427,395,85.04,76.76,83.17,76.47,39.39,52.97,85.63,85.63,48.019573,66.923684,12121
Malaysia,Uruguay,Mexico,Colombia,Asia,2,51,53,53,53,415,423,422,401,77,57.15,70.73,69.38,54.13,48.93,79.97,79.32,4.210484,101.975766,10835
Uruguay,Costa Rica,Uruguay,Uruguay,America,1,53,54,54,54,415,411,419,414,76.86,63.47,67.52,72.61,58.86,50.6,81.19,77.86,-32.522779,-55.765835,15128
Montenegro,Montenegro,Argentina,Argentina,Europe,3,55,55,55,55,412,407,409,420,82.52,70.7,62.39,64.29,47.75,63.25,78.31,76.83,42.708678,19.37439,6587
Argentina,Argentina,Montenegro,Tunisia,America,1,56,56,56,56,404,396,411,404,77.82,64.03,64.94,70.92,60.79,49.46,78.17,74.88,-38.416097,-63.616672,14358
Colombia,Albania,Colombia,Malaysia,America,1,59,57,57,57,404,387,409,415,79.01,71.05,67.27,71.32,49.72,62.69,82.22,81.92,4.570868,-74.297333,7886
Albania,Tunisia,Jordan,Brazil,Europe,3,57,58,58,58,398,396,400,397,87.19,80.56,80.06,78.12,43.16,69.72,87.15,83.27,41.153332,20.168331,4248
Tunisia,Colombia,Albania,Indonesia,Middle East & Africa,4,58,59,59,59,397,388,398,404,78.04,65.61,68.03,66.11,57.1,65.66,78.19,69.44,33.886917,9.537499,4188
Jordan,Jordan,Tunisia,Albania,Middle East & Africa,4,60,60,60,60,395,383,405,396,82.61,74.68,77.3,81.03,56.32,61.35,81.7,73.8,30.585164,36.238414,4897
Brazil,Brazil,Brazil,Jordan,America,1,61,61,61,61,393,383,396,401,80.89,69.4,64.17,72.5,56.18,48.53,80.08,77.79,-14.235004,-51.92528,12158
Indonesia,Qatar,Qatar,Kazakhstan,Asia,2,63,62,62,62,386,377,383,398,78.09,71.13,72.76,77.73,50.97,57.15,84.37,81.79,-0.789275,113.921327,3701
Qatar,Indonesia,Indonesia,Qatar,Middle East & Africa,4,62,63,63,63,383,377,384,388,82.42,71.64,70.98,76.76,59.4,56.4,75.39,76.59,25.354826,51.183884,94408
Peru,Peru,Peru,Peru,America,1,64,64,64,64,376,368,374,385,79.89,68.3,65.34,74.72,45.91,67.84,82.87,81.1,-9.189967,-75.015152,6389
Min,,,,,1,65,65,65,65,350,350,350,350,100,100,100,100,100,100,100,100,100,100,100
Max,,,,,1,65,66,66,66,650,650,650,650,100,100,100,100,100,100,100,100,100,100,100